{
  "architecture": "medium",
  "learning_rate": 0.01,
  "optimizer": "adam",
  "batch_size": 32,
  "normalization": "zscore",
  "final_mse": 32621.7578125,
  "final_mae": 141.65695190429688,
  "accuracy": 0.020833333333333332,
  "correct_outputs": 6,
  "total_outputs": 288,
  "tiny_dataset_success": true,
  "train_losses": [
    0.8705863356590271,
    0.5223861734072367,
    0.4086831907431285,
    0.3283665676911672,
    0.25525304675102234,
    0.20231865346431732,
    0.15895986557006836,
    0.13023806611696878,
    0.10925673445065816,
    0.09248495598634084,
    0.0760886122783025,
    0.06214302281538645,
    0.05414581919709841,
    0.04544199878970782,
    0.03763963902990023,
    0.031552531446019806,
    0.026760981728633244,
    0.022719187662005424,
    0.019314077372352283,
    0.01658884094407161,
    0.014188997137049833,
    0.012330498235921064,
    0.010596771414081255,
    0.009123585186898708,
    0.007904346256206432,
    0.006773397636910279,
    0.005806889074544112,
    0.005018041003495455,
    0.004334194275240104,
    0.0037517400148014226
  ],
  "val_losses": [
    0.776631772518158,
    0.6499243974685669,
    0.5998978614807129,
    0.5535632967948914,
    0.5118359327316284,
    0.4848610460758209,
    0.47241148352622986,
    0.4698878526687622,
    0.4657887816429138,
    0.46608003973960876,
    0.4685438871383667,
    0.46937572956085205,
    0.46223270893096924,
    0.4555121958255768,
    0.45625659823417664,
    0.46301332116127014,
    0.4684606194496155,
    0.4717472791671753,
    0.47303465008735657,
    0.4764302670955658,
    0.48075973987579346,
    0.4840015769004822,
    0.48925134539604187,
    0.4935864210128784,
    0.4952250123023987,
    0.49957433342933655,
    0.504749596118927,
    0.5058319568634033,
    0.5083893537521362,
    0.5112634897232056
  ],
  "gradient_norms": [
    0.773837253321043,
    0.44499156835435477,
    0.4251924725857044,
    0.43037628994774807,
    0.3470456922517568,
    0.29126170765489584,
    0.25573638031046114,
    0.23338195420558785,
    0.21754131432848423,
    0.21186696020111342,
    0.18108092046161364,
    0.15028476026079776,
    0.15438372093491182,
    0.1378469272174761,
    0.119398844379718,
    0.11284765248643547,
    0.09938781883230596,
    0.09171591904860259,
    0.082808269343405,
    0.07551025887420935,
    0.07286200143901637,
    0.0733911966131999,
    0.0659374457349534,
    0.06125541709070981,
    0.0570650687996909,
    0.051232813571363466,
    0.04633483565484128,
    0.044055754547403424,
    0.04070956536133286,
    0.03692604014895124
  ]
}