{
  "architecture": "medium",
  "learning_rate": 0.05,
  "optimizer": "adam",
  "batch_size": 32,
  "normalization": "minmax",
  "final_mse": 35425.0546875,
  "final_mae": 148.77699279785156,
  "accuracy": 0.034722222222222224,
  "correct_outputs": 10,
  "total_outputs": 288,
  "tiny_dataset_success": true,
  "train_losses": [
    1.095073513686657,
    0.31532400473952293,
    0.10097089534004529,
    0.08207608014345169,
    0.0437345119814078,
    0.04122328696151575,
    0.0423906942208608,
    0.02997620962560177,
    0.03193197647730509,
    0.028714966649810474,
    0.026358149324854214,
    0.026830943301320076,
    0.025302700698375702,
    0.024557095641891163,
    0.024194205179810524,
    0.02347143677373727,
    0.02271673207481702,
    0.022074123844504356,
    0.021814068779349327,
    0.020892196024457615,
    0.020411721741159756,
    0.01982787810266018,
    0.019189031173785526,
    0.018579235300421715,
    0.018041664734482765,
    0.017659616967042286,
    0.01706067907313506,
    0.01697376525650422,
    0.016758114099502563,
    0.015964073439439137,
    0.0157900449509422,
    0.015393616631627083,
    0.014973874824742476,
    0.014718433221181234,
    0.014424819809695085,
    0.013969978938500086,
    0.013711750507354736,
    0.01359023122737805,
    0.01323383425672849,
    0.013209794647991657
  ],
  "val_losses": [
    0.5940982103347778,
    0.1743668168783188,
    0.08036599308252335,
    0.04488673433661461,
    0.06076643988490105,
    0.047766201198101044,
    0.036964401602745056,
    0.03741531819105148,
    0.03263597935438156,
    0.035484429448843,
    0.03071960061788559,
    0.02933933399617672,
    0.0315743163228035,
    0.02970643900334835,
    0.028744317591190338,
    0.029208915308117867,
    0.028002209961414337,
    0.028477979823946953,
    0.028091201558709145,
    0.02729180082678795,
    0.027798421680927277,
    0.026963794603943825,
    0.02635251358151436,
    0.026659956201910973,
    0.026491468772292137,
    0.025908539071679115,
    0.02644968219101429,
    0.025433246046304703,
    0.025969194248318672,
    0.026212815195322037,
    0.025464437901973724,
    0.025429563596844673,
    0.025032982230186462,
    0.025656266137957573,
    0.025065286085009575,
    0.024608125910162926,
    0.024972422048449516,
    0.024711506441235542,
    0.024625271558761597,
    0.024559782817959785
  ],
  "gradient_norms": [
    2.9273325973213975,
    1.1059400612263584,
    0.6929134055617694,
    0.4301186172926412,
    0.29921459930906963,
    0.2739429970588209,
    0.24852962206151616,
    0.14336095020987288,
    0.17943802235023484,
    0.12747271462527263,
    0.09292280257651479,
    0.11600049354791364,
    0.07922892766559562,
    0.07341250175513271,
    0.08666578213618832,
    0.07178597290897243,
    0.06626975700572843,
    0.05905079704680177,
    0.06402314345658709,
    0.06097294826212102,
    0.05816010870063105,
    0.05537816811194782,
    0.05063288403352586,
    0.042800470846583734,
    0.04556780638820238,
    0.055946651414000015,
    0.04434793907562484,
    0.0559567085110699,
    0.06560875221682068,
    0.048847878852829714,
    0.052890342821461524,
    0.05910070480068357,
    0.04874118447500841,
    0.05363991479618924,
    0.0527850412129913,
    0.04810265598695259,
    0.0453004801045637,
    0.05128182209698346,
    0.0459438944183491,
    0.05402335123483897
  ]
}