{
  "architecture": "simple",
  "learning_rate": 0.01,
  "optimizer": "adam",
  "batch_size": 32,
  "normalization": "zscore",
  "final_mse": 37702.1484375,
  "final_mae": 154.27537536621094,
  "accuracy": 0.020833333333333332,
  "correct_outputs": 6,
  "total_outputs": 288,
  "tiny_dataset_success": true,
  "train_losses": [
    1.2635757525761921,
    1.0211994051933289,
    0.8501846392949423,
    0.7179847558339437,
    0.6205272277196249,
    0.5436137914657593,
    0.483815461397171,
    0.4372860590616862,
    0.39700472354888916,
    0.36343976855278015,
    0.3323052724202474,
    0.30698705712954205,
    0.283665269613266,
    0.26438215374946594,
    0.24770924945672354,
    0.23206823567549387,
    0.2194775640964508,
    0.20802275836467743,
    0.1978952387968699,
    0.18891553580760956
  ],
  "val_losses": [
    1.3543881177902222,
    1.2628253698349,
    1.18776273727417,
    1.1311691999435425,
    1.0777099132537842,
    1.0314412117004395,
    0.9914261698722839,
    0.9508481621742249,
    0.909042477607727,
    0.8695071935653687,
    0.8343215584754944,
    0.7984249591827393,
    0.7664556503295898,
    0.7385057806968689,
    0.7111263275146484,
    0.683899462223053,
    0.6576797366142273,
    0.6352302432060242,
    0.6124007105827332,
    0.5908858180046082
  ],
  "gradient_norms": [
    0.9040302867820866,
    0.8059153642773431,
    0.7074772354535485,
    0.6238236209443531,
    0.5721078016429194,
    0.5107244020920745,
    0.48535112676819087,
    0.454289143732088,
    0.4290850768702395,
    0.4033700132204552,
    0.38442256713359096,
    0.3848785187431516,
    0.3577210789794196,
    0.33540012916292034,
    0.3134491275265289,
    0.3032369968613993,
    0.2913652072659809,
    0.28864493711303185,
    0.2731268560413795,
    0.2686465246216754
  ]
}