{"input_mean": [9.833333015441895, 7.0, 12.083333015441895], "input_std": [6.491447448730469, 6.892024517059326, 6.512274742126465], "output_mean": 1089.1666259765625, "output_std": 613.4251098632812}