{
  "input_mean": [
    11.074999809265137,
    10.975000381469727,
    10.274999618530273,
    10.975000381469727,
    10.683333396911621,
    10.708333015441895,
    10.316666603088379,
    10.483333587646484,
    11.125,
    11.208333015441895,
    11.158333778381348,
    10.175000190734863,
    10.383333206176758,
    10.933333396911621,
    10.5,
    11.449999809265137,
    10.833333015441895,
    9.75,
    11.458333015441895,
    10.391666412353516,
    9.324999809265137,
    11.241666793823242,
    10.933333396911621,
    10.208333015441895,
    9.891666412353516,
    10.833333015441895,
    10.316666603088379,
    10.333333015441895,
    10.766666412353516,
    9.991666793823242,
    10.916666984558105,
    10.533333778381348,
    10.75,
    10.574999809265137,
    10.574999809265137,
    10.975000381469727,
    10.441666603088379,
    10.916666984558105,
    10.833333015441895,
    9.966666221618652
  ],
  "input_std": [
    6.396824836730957,
    5.857279300689697,
    6.323187351226807,
    6.151507377624512,
    6.751522064208984,
    6.076450824737549,
    6.01246452331543,
    6.463980197906494,
    6.427237033843994,
    6.342838764190674,
    6.28224515914917,
    6.646631240844727,
    6.634736061096191,
    6.418376922607422,
    6.580273628234863,
    6.161506652832031,
    5.958652973175049,
    6.374754905700684,
    6.131742000579834,
    6.434666633605957,
    6.165985107421875,
    5.872245788574219,
    6.203135013580322,
    6.661952018737793,
    6.484334468841553,
    6.579430103302002,
    6.3245344161987305,
    6.554049491882324,
    5.984332084655762,
    6.2935099601745605,
    6.866081237792969,
    6.226199626922607,
    6.0638957023620605,
    6.054836273193359,
    5.991191387176514,
    6.578326225280762,
    6.220658302307129,
    6.338484764099121,
    6.529846668243408,
    6.405640602111816
  ],
  "output_mean": 1724.26318359375,
  "output_std": 252.5988006591797
}